<?xml version="1.0" encoding="UTF-8"?>
<office:document-content xmlns:office="urn:oasis:names:tc:opendocument:xmlns:office:1.0" xmlns:style="urn:oasis:names:tc:opendocument:xmlns:style:1.0" xmlns:text="urn:oasis:names:tc:opendocument:xmlns:text:1.0" xmlns:table="urn:oasis:names:tc:opendocument:xmlns:table:1.0" xmlns:draw="urn:oasis:names:tc:opendocument:xmlns:drawing:1.0" xmlns:fo="urn:oasis:names:tc:opendocument:xmlns:xsl-fo-compatible:1.0" xmlns:xlink="http://www.w3.org/1999/xlink" xmlns:dc="http://purl.org/dc/elements/1.1/" xmlns:meta="urn:oasis:names:tc:opendocument:xmlns:meta:1.0" xmlns:number="urn:oasis:names:tc:opendocument:xmlns:datastyle:1.0" xmlns:svg="urn:oasis:names:tc:opendocument:xmlns:svg-compatible:1.0" xmlns:chart="urn:oasis:names:tc:opendocument:xmlns:chart:1.0" xmlns:dr3d="urn:oasis:names:tc:opendocument:xmlns:dr3d:1.0" xmlns:math="http://www.w3.org/1998/Math/MathML" xmlns:form="urn:oasis:names:tc:opendocument:xmlns:form:1.0" xmlns:script="urn:oasis:names:tc:opendocument:xmlns:script:1.0" xmlns:ooo="http://openoffice.org/2004/office" xmlns:ooow="http://openoffice.org/2004/writer" xmlns:oooc="http://openoffice.org/2004/calc" xmlns:dom="http://www.w3.org/2001/xml-events" xmlns:xforms="http://www.w3.org/2002/xforms" xmlns:xsd="http://www.w3.org/2001/XMLSchema" xmlns:xsi="http://www.w3.org/2001/XMLSchema-instance" xmlns:rpt="http://openoffice.org/2005/report" xmlns:of="urn:oasis:names:tc:opendocument:xmlns:of:1.2" xmlns:xhtml="http://www.w3.org/1999/xhtml" xmlns:grddl="http://www.w3.org/2003/g/data-view#" xmlns:tableooo="http://openoffice.org/2009/table" xmlns:field="urn:openoffice:names:experimental:ooo-ms-interop:xmlns:field:1.0" xmlns:formx="urn:openoffice:names:experimental:ooxml-odf-interop:xmlns:form:1.0" xmlns:css3t="http://www.w3.org/TR/css3-text/" office:version="1.2"><office:scripts/><office:font-face-decls><style:font-face style:name="Lohit Hindi1" svg:font-family="&apos;Lohit Hindi&apos;"/><style:font-face style:name="Times New Roman" svg:font-family="&apos;Times New Roman&apos;" style:font-family-generic="roman" style:font-pitch="variable"/><style:font-face style:name="Arial" svg:font-family="Arial" style:font-family-generic="swiss" style:font-pitch="variable"/><style:font-face style:name="Lohit Hindi" svg:font-family="&apos;Lohit Hindi&apos;" style:font-family-generic="system" style:font-pitch="variable"/><style:font-face style:name="WenQuanYi Zen Hei" svg:font-family="&apos;WenQuanYi Zen Hei&apos;" style:font-family-generic="system" style:font-pitch="variable"/><style:font-face style:name="Courier New" svg:font-family="Courier New"/></office:font-face-decls><office:automatic-styles><style:style style:name="P1" style:family="paragraph" style:parent-style-name="Standard"><style:paragraph-properties fo:text-align="center" style:justify-single-word="false"/></style:style><style:style style:name="P2" style:family="paragraph" style:parent-style-name="Standard"><style:text-properties fo:font-weight="bold" style:font-weight-asian="bold" style:font-weight-complex="bold"/></style:style><style:style style:name="P3" style:family="paragraph" style:parent-style-name="Standard"><style:paragraph-properties fo:text-align="center" style:justify-single-word="false"/><style:text-properties fo:font-weight="bold" style:font-weight-asian="bold" style:font-weight-complex="bold"/></style:style><style:style style:name="P4" style:family="paragraph" style:parent-style-name="Standard"><style:text-properties fo:font-weight="normal" style:font-weight-asian="normal" style:font-weight-complex="normal"/></style:style><style:style style:name="P5" style:family="paragraph" style:parent-style-name="Text_20_body"><style:text-properties fo:font-style="normal" style:font-style-asian="normal" style:font-style-complex="normal"/></style:style><style:style style:name="P6" style:family="paragraph" style:parent-style-name="Text_20_body"><style:text-properties fo:font-style="normal" fo:background-color="#ffff00" style:font-style-asian="normal" style:font-style-complex="normal"/></style:style><style:style style:name="P7" style:family="paragraph" style:parent-style-name="Text_20_body"><style:text-properties fo:background-color="#ffff00"/></style:style><style:style style:name="T1" style:family="text"><style:text-properties fo:font-style="italic" style:font-style-asian="italic" style:font-style-complex="italic"/></style:style><style:style style:name="T2" style:family="text"><style:text-properties fo:font-style="normal" style:font-style-asian="normal" style:font-style-complex="normal"/></style:style><style:style style:name="T3" style:family="text"><style:text-properties fo:font-style="normal" fo:background-color="#ffff00" style:font-style-asian="normal" style:font-style-complex="normal"/></style:style><style:style style:name="T4" style:family="text"><style:text-properties fo:background-color="#ffff00"/></style:style><style:style style:name="RTable1" style:family="table"><style:table-properties fo:margin-left="0.05in" fo:margin-right="0.05in" fo:margin-top="0.05in" fo:margin-bottom="0.05in" table:align="margins"/></style:style><style:style style:name="noBorder" style:family="table-cell"><style:table-cell-properties style:vertical-align="automatic" fo:border-left="none" fo:border-right="none" fo:border-top="none" fo:border-bottom="none" fo:padding="0.0382in" fo:background-color="transparent"/></style:style><style:style style:name="lowerBorder" style:family="table-cell"><style:table-cell-properties style:vertical-align="automatic" fo:border-left="none" fo:border-right="none" fo:border-top="none" fo:border-bottom="0.0007in solid #000000" fo:padding="0.0382in" fo:background-color="#FFFFFF"/></style:style><style:style style:name="basicFigFrame" style:family="graphic" style:parent-style-name="Frame"><style:graphic-properties style:vertical-pos="from-top" style:vertical-rel="paragraph" style:horizontal-pos="center" style:horizontal-rel="paragraph" fo:background-color="transparent" style:wrap="none" fo:border-left="0.0008in solid #ffffff" fo:border-right="0.0008in solid #ffffff" fo:border-top="0.0008in solid #ffffff" fo:border-bottom="0.0008in solid #ffffff" fo:padding="0.02in"/></style:style><style:style style:name="RbulletParagraph" style:family="paragraph" style:parent-style-name="ArialNormal" style:list-style-name="Rbullet"/><text:list-style style:name="Rbullet"><text:list-level-style-bullet text:level="1" text:style-name="Bullet_20_Symbols" style:num-suffix="." text:bullet-char="●"><style:list-level-properties text:space-before="0.25in" text:min-label-width="0.25in"/></text:list-level-style-bullet></text:list-style><style:style style:parent-style-name="Standard" style:name="OdfPageBreak" style:family="paragraph"><style:paragraph-properties fo:break-before="page"/></style:style></office:automatic-styles><office:body><office:text text:use-soft-page-breaks="true"><text:sequence-decls><text:sequence-decl text:display-outline-level="0" text:name="Illustration"/><text:sequence-decl text:display-outline-level="0" text:name="Table"/><text:sequence-decl text:display-outline-level="0" text:name="Text"/><text:sequence-decl text:display-outline-level="0" text:name="Drawing"/></text:sequence-decls><text:p text:style-name="Heading">Knowledge Fixation and Accretion in a Social Question-Answering Site:</text:p><text:p text:style-name="Heading">Longitudinal analysis of a social question-answering site</text:p><text:p text:style-name="P3"/><text:p text:style-name="P1">Paul Matthews, </text:p><text:p text:style-name="P1">Department of Computer Science and Creative Technologies, </text:p><text:p text:style-name="P1">University of the West of England.</text:p><text:p text:style-name="P1"/><text:p text:style-name="P1"/><text:p text:style-name="P2">To do: Ask question on meta:</text:p><text:p text:style-name="P4">I&apos;m working with the SE data dump and am interested in voting patterns and question contributions over time. I know it is established that the majority of questions are answered well (or at least to the questioner&apos;s satisfaction) in the first couple of days or even hours, but note that some receive good answers and a lot of votes much later. I would be interested to hear your views as to why this is (full disclosure: this is part of my information science research - contributors will be duly acknowledged).</text:p><text:p text:style-name="P2"/><text:h text:style-name="Heading_20_1" text:outline-level="1">Abstract</text:h><text:p text:style-name="Text_20_body"/><text:h text:style-name="Heading_20_1" text:outline-level="1">Introduction</text:h><text:p text:style-name="Text_20_body">Social question-answering sites such as Yahoo Answers, Quora and Naven Knowledge-in have been popular in recent years as a platform for users to post questions on general or more specialist topics and receive answers from members of the community of users. <text:s/>Question-Answer pages then become a resource of value more widely to web users looking for the same, or similar solutions to problems. Aspects of gamification and collaborative filtering - introducing points and rankings for asking and answering queries, and allowing users to vote on others&apos; contributions - are common in these sites, and act as an incentive for members to provide answers. At the same time, they shape the way the information resource evolves and is presented to the web user on subsequent visits. While the time to &quot;populate&quot; a question-answer resource may be quite short (fixation) a question will remain open for subsequent interaction, to be further enhanced, rated or edited by the community (accretion).</text:p><text:p text:style-name="Text_20_body">This <text:s/>article will examine knowledge fixation and accretion in the technology - oriented social Q &amp; A community &quot;Stack Overflow&quot;, a resource widely used by computer programmers to provide programming language- or technology-specific answers to their questions. Before looking at the mechanics, successes and controversies within the Stack Overflow community and analysing longitudinal effects and patterns, I will discuss philisophical ideals for knowledge exchange and psychological aspects of knowledge seeking and contribution. Longitudinal aspects of other collaborative information environments will be discussed. <text:s/>I will then focus on social Q &amp; A and their emergent dynamics.</text:p><text:h text:style-name="Heading_20_2" text:outline-level="2">Desirable norms and architecture for a knowledge commons</text:h><text:p text:style-name="Text_20_body">Online, social Q&amp;A lowers the barriers of entry to a community of knowledge to a simple interest and willingness to contribute. </text:p><text:p text:style-name="Text_20_body">Social Q &amp; A provides an online analogue of a social epistemological system, with community members providing &quot;testimony&quot; as to the best answer to a question. The foremost theorists in social <text:soft-page-break/>epistemology regard the field as normative, in providing a framework for an epistemological system to converge on the true knowledge (defined in a number of ways). Conditions of such systems include <text:span text:style-name="T1">inclusivity, diversity and authority. </text:span><text:span text:style-name="T2">A system should be inclusive, in allowing anyone to contribute testimony. It should be diverse, in encouraging a range of opinion on which the information seeker can draw. It should be authoritative, in that users should be able to gauge the authority of the testifier and their warrant for knowledge.</text:span><text:span text:style-name="T1"> </text:span></text:p><text:p text:style-name="Text_20_body"><text:span text:style-name="T2">Epistemic systems also need to accommodate different types of question, not only the simplified philisophical propostion of whether </text:span><text:span text:style-name="T1">p, but how tos, whichs, whys </text:span><text:span text:style-name="T2">and more general advice and recommendation seeking. Many of these wider question types do not have anything like a &quot;correct&quot; answer but are open to a diversity of views among which the receiver of testimony needs to choose. In doing so, we may take a Popperian approach and hold a particular view until evidence seems sufficient to reject it </text:span><text:span text:style-name="T3">(consistent with Kuhn and etc)</text:span></text:p><text:p text:style-name="P5">To these above conditions I would add that the system should be <text:span text:style-name="T1">dynamic,</text:span> flexible enough to accommodate new conditions that require knowledge to be updated, or new opinions or evidence to be included for consideration.</text:p><text:p text:style-name="P6">Objectivity</text:p><text:h text:style-name="Heading_20_2" text:outline-level="2">Sources of bias through moderation and gamified interfaces</text:h><text:p text:style-name="Text_20_body">A number of forms of bias - both epistemically positive and negative - may be found within socio-technical systems. Firstly, there is bias introduced by the technology platform itself, through the way in which information is selected and presented to the user. Secondly, there is bias relating to the user community (norm-oriented bias) and how it may self-moderate or police. A third type of bias emerges as a result of user interaction with the technology, and may become manifest as the filtering effected on an information resource, or the order of presentation such that the user is more likely to read a particular section of the information.</text:p><text:p text:style-name="Text_20_body">In social Q &amp; A and the Stack Overflow interface, the &quot;fastest gun&quot; issue has been identified and criticised. Here, users compete to answer questions as quickly as possible, in order to gain the associated reputation points if their answer is accepted by the questioner. <text:s/>This has the desirable effect of the asker receiving an answer quickly, but may sacrifice quality given that the answerer is in a rush to provide information. <text:s/>The extent of the problem was highlighted, with the first provided answer <text:span text:style-name="T4">xxx</text:span> more likely to be accepted.</text:p><text:p text:style-name="P7">Expand</text:p><text:h text:style-name="Heading_20_2" text:outline-level="2">Knowledge accretion in collaborative authoring environments</text:h><text:p text:style-name="Text_20_body">Perhaps the most widely studied collaborative knowledge technology is the wiki, and the specific instance most widely studied is Wikipedia. Here, approaches have looked at the dynamics of article authoring and editing for different types of topic, and have reached a quite good understanding of how knowledge builds and changes over time.</text:p><text:p text:style-name="P7">Episteme articles on stabilisation and objectivity</text:p><text:p text:style-name="P7">History flow</text:p><text:h text:style-name="Heading_20_1" text:outline-level="1">Methods and Approach</text:h><text:p text:style-name="Text_20_body"/><text:h text:style-name="Heading_20_1" text:outline-level="1"><text:soft-page-break/>Findings</text:h><text:p text:style-name="Text_20_body"/>
<text:p text:style-name="Table">Table <text:sequence style:num-format="1" text:formula="ooow:Table+1" text:name="Table" text:ref-name="refTable0">1</text:sequence>: Longevity of Questions</text:p> <table:table table:name="Table153" table:style-name="RTable1">   <table:table-column table:number-columns-repeated="3"/>    <table:table-header-rows>      <table:table-row>      <table:table-cell table:style-name="lowerBorder" office:value-type="string">       <text:p text:style-name="ArialCenteredBold"/>     </table:table-cell>     <table:table-cell table:style-name="lowerBorder" office:value-type="string">       <text:p text:style-name="ArialCenteredBold">Description</text:p>     </table:table-cell>     <table:table-cell table:style-name="lowerBorder" office:value-type="string">       <text:p text:style-name="ArialCenteredBold">count(*)</text:p>     </table:table-cell>     </table:table-row>    </table:table-header-rows> <table:table-row>  <table:table-cell office:value-type="string" table:style-name="noBorder">        <text:p text:style-name="ArialCentered">1</text:p>   </table:table-cell>     <table:table-cell office:value-type="string" table:style-name="noBorder">        <text:p text:style-name="ArialCentered">Answers above 30 days old scoring more highly</text:p>   </table:table-cell>     <table:table-cell office:value-type="string" table:style-name="noBorder">        <text:p text:style-name="ArialCentered">24286</text:p>   </table:table-cell>  </table:table-row>  <table:table-row>  <table:table-cell office:value-type="string" table:style-name="noBorder">        <text:p text:style-name="ArialCentered">2</text:p>   </table:table-cell>     <table:table-cell office:value-type="string" table:style-name="noBorder">        <text:p text:style-name="ArialCentered">Answers less than 30 days old scoring more highly</text:p>   </table:table-cell>     <table:table-cell office:value-type="string" table:style-name="noBorder">        <text:p text:style-name="ArialCentered">160620</text:p>   </table:table-cell>  </table:table-row>  <table:table-row>  <table:table-cell office:value-type="string" table:style-name="noBorder">        <text:p text:style-name="ArialCentered">3</text:p>   </table:table-cell>     <table:table-cell office:value-type="string" table:style-name="noBorder">        <text:p text:style-name="ArialCentered">No answers after 30 days</text:p>   </table:table-cell>     <table:table-cell office:value-type="string" table:style-name="noBorder">        <text:p text:style-name="ArialCentered">1620674</text:p>   </table:table-cell>  </table:table-row>  </table:table><text:p text:style-name="OdfPageBreak"/><text:p text:style-name="Text_20_body"/>
<text:p text:style-name="ttBlue">NULL</text:p>
<text:p>
<draw:frame draw:style-name="basicFigFrame" draw:name="frame274" svg:height="5.271in" svg:width="5.271in" svg:x="0in" svg:y="0in" text:anchor-type="paragraph">
<draw:text-box fo:min-height="5in">
<text:p text:style-name="Standard">
<draw:frame draw:name="content_1TypicalQuestion" svg:width="5in" svg:height="5in" text:anchor-type="paragraph">
<draw:image xlink:href="Pictures/content_1-TypicalQuestion.png" xlink:type="simple" xlink:show="embed" xlink:actuate="onLoad"/>
</draw:frame>
Figure  
<text:sequence style:num-format="1" text:formula="ooow:Illustration+1" text:name="Illustration" text:ref-name="refIllustration1">1</text:sequence>
: Typical Question Timeline
</text:p>
</draw:text-box>
</draw:frame>
</text:p><text:p text:style-name="Standard"/>
<text:p text:style-name="ttBlue">NULL</text:p>
<text:p>
<draw:frame draw:style-name="basicFigFrame" draw:name="frame613" svg:height="5.271in" svg:width="5.271in" svg:x="0in" svg:y="0in" text:anchor-type="paragraph">
<draw:text-box fo:min-height="5in">
<text:p text:style-name="Standard">
<draw:frame draw:name="content_1BreakingQuestion" svg:width="5in" svg:height="5in" text:anchor-type="paragraph">
<draw:image xlink:href="Pictures/content_1-BreakingQuestion.png" xlink:type="simple" xlink:show="embed" xlink:actuate="onLoad"/>
</draw:frame>
Figure  
<text:sequence style:num-format="1" text:formula="ooow:Illustration+1" text:name="Illustration" text:ref-name="refIllustration3">2</text:sequence>
: &quot;Breaking&quot; Question Timeline
</text:p>
</draw:text-box>
</draw:frame>
</text:p><text:h text:style-name="Heading_20_1" text:outline-level="1">Discussion</text:h><text:p text:style-name="Text_20_body"/><text:h text:style-name="Heading_20_1" text:outline-level="1">Conclusion</text:h><text:p text:style-name="Text_20_body"/><text:h text:style-name="Heading_20_1" text:outline-level="1">References</text:h><text:p text:style-name="Text_20_body"/><text:p text:style-name="Text_20_body"/><text:p text:style-name="Text_20_body"/><text:p text:style-name="Text_20_body"/><text:p text:style-name="P1"/><text:p text:style-name="P1"/></office:text></office:body></office:document-content>
