<?xml version="1.0" encoding="UTF-8"?>
<office:document-meta xmlns:office="urn:oasis:names:tc:opendocument:xmlns:office:1.0" xmlns:xlink="http://www.w3.org/1999/xlink" xmlns:dc="http://purl.org/dc/elements/1.1/" xmlns:meta="urn:oasis:names:tc:opendocument:xmlns:meta:1.0" xmlns:ooo="http://openoffice.org/2004/office" xmlns:grddl="http://www.w3.org/2003/g/data-view#" office:version="1.2"><office:meta><meta:initial-creator>Paul Matthews</meta:initial-creator><meta:creation-date>2012-07-24T14:13:42</meta:creation-date><dc:date>2012-07-30T17:33:23.72</dc:date><meta:editing-duration>PT1H32M40S</meta:editing-duration><meta:editing-cycles>14</meta:editing-cycles><meta:generator>LibreOffice/3.4$Win32 LibreOffice_project/340m1$Build-502</meta:generator><meta:document-statistic meta:table-count="0" meta:image-count="0" meta:object-count="0" meta:page-count="3" meta:paragraph-count="46" meta:word-count="997" meta:character-count="6631" meta:non-whitespace-character-count="5671"/></office:meta></office:document-meta>